cpu max,cpu avg,gpu max,gpu avg,mem max,mem avg
6.25,1.6476451612903225,10.0,8.419354838709678,38.0,38.0
